{
    "1": {
        "mean": NaN,
        "std": NaN,
        "values": []
    },
    "10": {
        "mean": 8.793,
        "std": 3.940424977080518,
        "values": [
            14.39,
            9.546,
            7.86,
            3.376
        ]
    },
    "11": {
        "mean": 33.958333333333336,
        "std": 3.5968836820534285,
        "values": [
            39.42,
            36.905,
            34.87,
            33.105,
            30.65,
            28.8
        ]
    },
    "12": {
        "mean": 35.57450000000001,
        "std": 3.5931997694719584,
        "values": [
            41.047,
            38.56,
            36.46,
            34.67,
            32.19,
            30.52
        ]
    },
    "13": {
        "mean": NaN,
        "std": NaN,
        "values": []
    },
    "14": {
        "mean": NaN,
        "std": NaN,
        "values": []
    },
    "15": {
        "mean": 33.533,
        "std": 3.7748637944522807,
        "values": [
            39.248,
            36.654,
            34.446,
            32.663,
            30.115,
            28.072
        ]
    },
    "16": {
        "mean": 28.856,
        "std": 3.842,
        "values": [
            29.32,
            26.7,
            24.66,
            23.07,
            20.69,
            18.08
        ]
    },
    "17": {
        "mean": 27.212666666666664,
        "std": 3.6762612197116185,
        "values": [
            32.75,
            30.326,
            28.08,
            26.339,
            23.854,
            21.927
        ]
    },
    "18": {
        "mean": 28.66916666666667,
        "std": 3.569662001584401,
        "values": [
            34.095,
            31.65,
            29.45,
            27.86,
            25.42,
            23.54
        ]
    },
    "19": {
        "mean": 30.5415,
        "std": 3.409644079665795,
        "values": [
            35.127,
            31.549,
            29.845,
            25.645
        ]
    },
    "2": {
        "mean": 11.471666666666666,
        "std": 3.6728436606470956,
        "values": [
            17.1,
            14.53,
            12.27,
            10.57,
            8.08,
            6.28
        ]
    },
    "20": {
        "mean": NaN,
        "std": NaN,
        "values": []
    },
    "21": {
        "mean": 17.582333333333334,
        "std": 3.702228683134284,
        "values": [
            23.153,
            20.72,
            18.398,
            16.791,
            14.201,
            12.231
        ]
    },
    "22": {
        "mean": NaN,
        "std": NaN,
        "values": []
    },
    "23": {
        "mean": 23.858333333333334,
        "std": 3.5075889946736276,
        "values": [
            29.23,
            26.7,
            24.66,
            23.07,
            20.69,
            18.8
        ]
    },
    "24": {
        "mean": 21.90583333333333,
        "std": 3.538189763926683,
        "values": [
            27.265,
            24.8,
            22.66,
            21.3,
            18.65,
            16.76
        ]
    },
    "25": {
        "mean": 23.9525,
        "std": 3.989275466798451,
        "values": [
            27.71,
            23.31,
            27.1,
            17.69
        ]
    },
    "26": {
        "mean": 33.5825,
        "std": 3.9804586105121094,
        "values": [
            39.278,
            34.36,
            32.512,
            28.18
        ]
    },
    "27": {
        "mean": 12.415,
        "std": 3.6996138987737623,
        "values": [
            17.923,
            15.385,
            13.17,
            12.156,
            8.943,
            6.913
        ]
    },
    "28": {
        "mean": NaN,
        "std": NaN,
        "values": []
    },
    "29": {
        "mean": 18.70866666666667,
        "std": 3.5353081745286206,
        "values": [
            24.08,
            21.64,
            19.51,
            17.905,
            15.51,
            13.607
        ]
    },
    "3": {
        "mean": NaN,
        "std": NaN,
        "values": []
    },
    "30": {
        "mean": 17.346,
        "std": 3.738658917312463,
        "values": [
            22.747,
            18.021,
            16.286,
            12.33
        ]
    },
    "31": {
        "mean": 8.334333333333335,
        "std": 3.698740401211682,
        "values": [
            14.016,
            11.4,
            9.04,
            7.51,
            5.02,
            3.02
        ]
    },
    "32": {
        "mean": NaN,
        "std": NaN,
        "values": []
    },
    "33": {
        "mean": NaN,
        "std": NaN,
        "values": []
    },
    "34": {
        "mean": 14.16475,
        "std": 3.8258017051985322,
        "values": [
            19.613,
            14.906,
            13.21,
            8.93
        ]
    },
    "35": {
        "mean": 24.03575,
        "std": 3.6424485154220094,
        "values": [
            29.23,
            24.745,
            23.104,
            19.064
        ]
    },
    "36": {
        "mean": NaN,
        "std": NaN,
        "values": []
    },
    "37": {
        "mean": 27.188833333333335,
        "std": 3.722582231760936,
        "values": [
            32.837,
            30.29,
            28.04,
            26.33,
            23.807,
            21.829
        ]
    },
    "4": {
        "mean": 29.392000000000007,
        "std": 3.7205054764104304,
        "values": [
            35.07,
            32.466,
            30.216,
            28.482,
            26.133,
            23.985
        ]
    },
    "5": {
        "mean": 12.027750000000001,
        "std": 3.8613910948646475,
        "values": [
            17.524,
            12.8,
            11.037,
            6.75
        ]
    },
    "6": {
        "mean": 40.934000000000005,
        "std": 3.7187464285697125,
        "values": [
            46.596,
            44.025,
            41.772,
            40.056,
            37.56,
            35.595
        ]
    },
    "7": {
        "mean": NaN,
        "std": NaN,
        "values": []
    },
    "8": {
        "mean": NaN,
        "std": NaN,
        "values": []
    },
    "9": {
        "mean": 22.7705,
        "std": 3.6934278003863388,
        "values": [
            28.388,
            25.835,
            23.61,
            21.907,
            19.434,
            17.449
        ]
    }
}
